Euclidean distance	Modified euclidean distance	pi1	pi2
9.57497779354582	6.988351866082449	2660.1372095391735	127.02282548860697
