Euclidean distance	Modified euclidean distance	pi1	pi2
6.189393688035595	4.422287959089018	1286.229911664442	82.68135920680737
