pi1	pi2
1583.0731361273154	125.20790552639863
