,fold_change,-log10(fdr_BH),Gene
56,0.48067286394849745,5.140811058679463,AGRN
2996,0.0924855390572437,24.306392755080005,HIST1H4G
