,fold_change,-log10(fdr_BH),Gene
123,0.08721296858613425,7.402314561919498,BET1
124,14.279133663885304,8.585370913870594,BET1
137,8.500486420563119,6.578681365576843,PMM2
254,0.16676688025037337,6.85294848777168,TBL1X
378,0.08469023839513543,6.84688945892262,PGM3
591,0.0396541323311526,8.585370913870594,POTEJ
654,0.11087000047711815,5.99815150020204,KRT10
823,11.046665879493673,7.402314561919498,ACP1
971,3.199127580313105,3.783843121294266,AGL
1468,6.899436718125618,8.015225325340957,PSPH
1518,4.670687931057718,5.923274176311297,HSF1
1559,0.11270334678607918,5.797684081961589,UBXN1
1747,0.3744122326706398,4.503075171950774,SCRIB
1767,0.14520050455421382,6.211571714903597,GALE
1878,2.8348384455500697,3.368671368498383,PTPN14
2107,0.15625290808476033,7.489395089596017,GRASP
2146,12.471871228118628,7.758777892816448,P3H3
2150,5.777099270048354,6.155012369160478,HERC6
2371,0.16707510815001755,5.99815150020204,UTP4
2390,0.16472388119814255,7.650433982738356,RNF25
2426,0.16401439334347956,6.330897692931117,MVB12A
2504,5.88293938461501,5.923274176311297,RMDN3
2594,4.3904841199964935,3.373189497055073,TRAF4
2603,0.1157357258935323,6.578681365576843,TMEM147
3039,0.2618836102593423,6.211571714903597,DOLK
3135,4.911614448346785,6.84688945892262,PRRC2C
