,fold_change,-log10(fdr_BH),Gene
112,0.31338521070020364,19.25849572208155,IFIT3
704,0.4225224629915923,12.028838653452626,IFIT1
904,0.45963365290711816,12.80722881961625,MX1
3977,0.4783911206833805,12.265395228837564,SNX14
