,fold_change,-log10(fdr_BH),Gene
531,0.121452413272535,20.388066578320394,TK1
876,0.31727689134696097,8.669215465573698,NF1
996,0.11700852538621179,20.2614724988527,MPG
