,fold_change,-log10(fdr_BH),Gene
3343,0.0805473090108006,22.502149433598703,CMC2
