,fold_change,-log10(fdr_BH),Gene
178,0.13107867773514564,6.92524687451391,SNX2
255,0.2314307261234882,6.429264695825551,MICAL2
589,0.19296302435033977,8.163446898051925,FLT1
983,0.11695844178118145,8.108053480872588,METAP2
1459,0.11811949651747111,7.961312072047867,FAM50A
1960,0.117209637385311,6.191072290274736,SNRNP40
2082,0.09693339870442061,6.865055069583268,PELO
2519,0.31216943017274956,4.485444738470162,CDC42BPB
