,fold_change,-log10(fdr_BH),Gene
354,0.1873846579535414,8.264368642622369,KNG1
1348,0.07437286342221665,8.01899808688688,PLP2
1398,0.14679222713844287,8.228637533573618,FAP
2230,0.06847160214001288,8.299177808292802,MRPL32
2270,0.06653996144835393,6.126197956340864,MRPL18
2617,0.11018571846437401,6.721608406717116,RNF115
